,Rating
s376_fu,Exclude
s169_fu,Exclude
s220_bl,Exclude
s271_bl,Exclude
s220_fu,Exclude
s145_bl,Exclude
s104_fu,Exclude
s145_fu,Exclude
s344_bl,Exclude
s197_bl,Include
s96_fu,Include
s215_bl,Include
s299_fu,Include
s35_fu,Include
s124_bl,Include
s342_bl,Include
s230_fu,Include
s272_bl,Include
s250_bl,Include
s31_fu,Include
s375_fu,Include
s268_bl,Include
s81_bl,Include
s102_bl,Include
s154_bl,Include
s91_bl,Include
s81_fu,Include
s244_bl,Include
s285_bl,Include
s154_fu,Include
s34_bl,Include
s296_bl,Include
s60_bl,Include
s100_bl,Include
s314_bl,Include
s20_bl,Include
s334_fu,Include
s371_bl,Include
s104_bl,Include
s70_fu,Include
s170_fu,Include
s9_fu,Include
s83_fu,Include
s253_fu,Include
s144_bl,Include
s28_bl,Include
s6_bl,Include
s311_bl,Include
s96_bl,Include
